,Image,Video,Frame,Class,Presence,TorsoBoundingBoxRatio,HeadGroundDistance,BufferedHeadGroundDistance,HeadVelocity,BufferedHeadVelocity,TorsoHeight,BufferedTorsoHeight,Centroid,BufferedCentroid
0,1608737229654614610,1,1,0,1.0,0.23162955301444066,0.9126835169183268,0.7734490036964417,-0.5151872634887695,0.04916097968816757,0.927305347971812,0.7956529855728149,0.636935293674469,0.4556450545787811
1,1608737229726901959,1,2,0,1.0,0.23688467916035424,0.9211778429464692,0.7261243462562561,-0.06612641364336014,0.04582509025931358,0.9311206831821056,0.7445896863937378,0.6403374671936035,0.4516658186912537
2,1608737229804933584,1,3,0,1.0,0.2276315357841129,0.9205595392849034,0.698273241519928,-7.008067041169852e-05,0.019817646592855453,0.9305631642318196,0.7101235389709473,0.6392152309417725,0.4641897678375244
3,1608737229961352572,1,4,0,1.0,0.20989280482950384,0.9520519562544156,0.7568601369857788,-0.0002766611287370324,-0.1164832040667534,0.966880134349848,0.7784053087234497,0.6685439348220825,0.5371118187904358
4,1608737230182894989,1,5,0,1.0,0.21486908645863592,0.9570374378261041,0.9327020645141602,-6.859193945274456e-06,-0.1330900639295578,0.9719592485275604,0.945565700531006,0.6745092868804932,0.651908278465271
5,1608737230322715413,1,6,0,1.0,0.21991732264114106,0.9619970241335952,0.9425647258758544,-0.00040026183705776935,-0.0009904741309583187,0.976979199046652,0.9555004835128784,0.67795729637146,0.6601126194000244
6,1608737230530150710,1,7,0,1.0,0.23003925677817985,0.9655316109651204,0.9514354467391968,-0.0001179112441604957,-3.141234265058301e-05,0.9805900461140944,0.9653943181037904,0.6795868873596191,0.6679624915122986
7,1608737230741063106,1,8,0,1.0,0.2289565235638386,0.9726408679363336,0.9618517160415648,-0.023282812908291817,-0.0009683078969828783,0.9878185863756208,0.9768454432487488,0.6753027439117432,0.6751800179481506
8,1608737230879203278,1,9,0,1.0,0.2315280751590305,0.9307591067211816,0.9575931429862976,-0.0007737486739642918,-0.000983905978500843,0.9507716787415617,0.9736236929893494,0.6380295753479004,0.6690771579742432
9,1608737231090175386,1,10,0,1.0,0.2095513289758976,0.972489877243122,0.9606837034225464,-0.0021873617079108953,-0.002874538768082857,0.997400049414011,0.9787119030952454,0.6806565523147583,0.6703065633773804
10,1608737231300138590,1,11,0,1.0,0.232106645740474,0.9835154267906346,0.9649873971939088,-0.07105759531259538,-0.00565541908144951,1.0033873846243853,0.9839935302734376,0.6820722818374634,0.671129584312439
11,1608737231509326013,1,12,0,1.0,0.24562589889864705,0.9831317185302022,0.9685074090957642,-0.023411236703395844,-0.006577458698302507,1.0028939486163646,0.9884543418884276,0.6776242852210999,0.670737087726593
12,1608737231733424786,1,13,0,1.0,0.2375290161540621,0.9653787238687584,0.9670549631118774,-0.022194765508174896,-0.006573005579411984,0.9898729089563728,0.9888651967048644,0.662314772605896,0.6681395173072815
13,1608737231873288600,1,14,0,1.0,0.2216341022744989,0.9814189146629654,0.9771868586540222,-0.03509708121418953,-0.007478761952370404,1.0105274624461174,1.0008163452148438,0.6761506199836731,0.675763726234436
14,1608737232086554739,1,15,0,1.0,0.2206379335185359,0.9910179110513636,0.9808924794197084,-0.002151956083253026,-0.0074463021010160455,1.0153262084007943,1.0044015645980835,0.6776668429374695,0.6751657724380493
15,1608737232298037388,1,16,0,1.0,0.2244147032088504,1.000574261455614,0.9843042492866516,-0.04594017192721367,-0.0064609674736857406,1.0199884325377435,1.0077219009399414,0.6727145910263062,0.6732942461967468
16,1608737232510428163,1,17,0,1.0,0.2305079174950373,1.0147449301607978,0.9906269311904908,-0.06816878169775009,-0.008266153745353222,1.0342709524642542,1.013997197151184,0.6749621629714966,0.6727617979049683
17,1608737232716429220,1,18,0,0.96,0.2299386936206821,1.028901753464494,1.0033315420150757,-0.07142280042171477,-0.01013978011906147,1.058046918243258,1.0276319980621338,0.6867560148239136,0.6776500344276428
18,1608737232997988134,1,19,0,0.88,0.2460598364382503,1.0571972536109402,1.0184872150421145,-0.1037479117512703,-0.01435878127813339,1.086310578767327,1.0427886247634888,0.697456955909729,0.681911289691925
19,1608737233136218340,1,20,0,0.96,0.2439294804983892,1.0657826394313192,1.0334401130676272,-0.002164188539609313,-0.014540305361151697,1.0949287885625492,1.0587091445922852,0.7032466530799866,0.6870272755622864
20,1608737233414903327,1,21,0,0.92,0.24507466448929124,1.0888366402708478,1.0510926246643066,-0.08702405542135239,-0.017045853659510612,1.1082983505153272,1.0763711929321291,0.7089409232139587,0.694272518157959
21,1608737233693836975,1,22,0,0.96,0.2451745416699773,1.101981230383055,1.0685399770736694,-0.05216222256422043,-0.01685183495283127,1.1261795227248472,1.0947527885437012,0.7144756913185121,0.7021752595901489
22,1608737233900389361,1,23,0,0.92,0.24634454458922656,1.1148631103970918,1.0857322216033936,-0.07010664790868759,-0.016807708889245987,1.139105647381521,1.11096453666687,0.7110227942466736,0.7070286273956299
23,1608737234176899685,1,24,0,0.84,0.2525694554960424,1.1371506893561043,1.1017229557037354,-0.005290700122714043,-0.008912350982427597,1.1661159417585127,1.126925706863403,0.7162689566612244,0.7107909917831421
24,1608737234383946141,1,25,0,0.84,0.2584683351088189,1.163780402083893,1.1213223934173584,-0.13964276015758514,-0.019193125888705254,1.1926651498744056,1.1464729309082031,0.7332858443260193,0.7167988419532776
25,1608737234673693145,1,26,0,0.84,0.2574135583043832,1.1900550155857372,1.141566038131714,-0.09965460002422333,-0.019987186416983604,1.2141402292005126,1.167641282081604,0.7396727204322815,0.7229452133178711
26,1608737235024942429,1,27,0,0.8,0.25619397629038976,1.2252026314977202,1.166210412979126,-0.008242585696280003,-0.013582346960902214,1.2540528807890166,1.1932159662246704,0.7537093162536621,0.7307919263839722
27,1608737235234617109,1,28,0,0.68,0.29462362064041625,1.129875445169751,1.169212818145752,-0.11447567492723465,-0.01453754585236311,1.1537232710108432,1.1961394548416138,0.6367395520210266,0.7159352898597717
28,1608737235441926497,1,29,0,0.72,0.2900251384378628,1.2674057829759584,1.1952638626098633,-0.1147729828953743,-0.02587775513529777,1.267425718354641,1.21640145778656,0.765438437461853,0.7257691621780396
29,1608737235725106308,1,30,0,0.68,0.3225480304138996,1.1530767851385866,1.1931231021881104,0.1004461720585823,-0.015351551584899426,1.1815962162843727,1.2141876220703125,0.6575396060943604,0.7106199264526367
30,1608737235945172265,1,31,1,0.68,0.36003388583420703,1.05409925430054,1.1659319400787354,0.8221790194511414,0.02214786969125271,1.0969457814456616,1.1907488107681274,0.5734859108924866,0.6773825287818909
31,1608737236228600462,1,32,1,0.6,0.6461624087890273,0.6543041195174539,1.0517523288726809,0.08763386309146881,0.10235363245010376,0.6209033593062355,1.0641188621520996,0.3017142117023468,0.5869835615158081
32,1608737236577259978,1,33,1,0.36,3.3927192153887464,0.07709352349868714,0.8411958813667297,1.6854366064071655,0.20832416415214536,0.13487276435752746,0.8603487610816956,0.09957857429981233,0.479551374912262
33,1608737368600241883,2,1,0,1.0,0.2500507249998189,0.9771995481480128,0.7831546664237976,0.5115715861320496,0.14498190581798553,1.001651972975364,0.8071939945220947,0.6773213148117065,0.4619278907775879
34,1608737368674623940,2,2,0,1.0,0.2499896474014685,0.9797597198624814,0.7484912276268005,-0.036012761294841766,0.14477433264255524,1.0016056537537497,0.7711958885192871,0.6767805218696594,0.4657760858535767
35,1608737368750620618,2,3,0,1.0,0.24661652434624176,0.9796260597758376,0.7335966229438782,-0.0006295430357567966,0.10430251061916353,1.0041198617398108,0.7526307106018066,0.6766643524169922,0.4864118099212647
36,1608737368826545572,2,4,0,1.0,0.24794546993138744,0.9847377856396,0.7996833324432373,-0.0355154313147068,-0.016018126159906387,1.0092543659666104,0.8303009271621704,0.6778062582015991,0.5616301894187927
37,1608737368905411247,2,5,0,1.0,0.24593510406627456,0.9898824631313448,0.9822410941123962,-0.0008559850975871086,0.7096588611602783,1.0170350408180835,1.0067334175109863,0.6852632761001587,0.6787671446800232
38,1608737368983988299,2,6,0,1.0,0.2447662567095661,1.002890284236652,0.9873791933059692,-0.034355822950601585,-0.021342584863305092,1.0327136472992644,1.0129456520080566,0.6948327422142029,0.6822694540023804
39,1608737369063576624,2,7,0,1.0,0.2454404582115761,1.010442221540637,0.9935157895088196,-0.000621036917436868,-0.0017566906753927474,1.040247166777607,1.0206739902496338,0.7012344002723694,0.6871601939201355
40,1608737369138629971,2,8,0,1.0,0.2499917239886003,1.0258263843040052,1.002755880355835,-0.07171346992254257,-0.0028961687348783016,1.0529311245023207,1.0304361581802368,0.7128404974937439,0.6943954825401306
41,1608737369213198375,2,9,0,1.0,0.25126288922708395,1.0331923857181944,1.0124467611312866,-0.07263131439685823,-0.003477895399555564,1.0575819163545308,1.0401017665863037,0.7136635780334473,0.7015669345855713
42,1608737369283269778,2,10,0,1.0,0.2481243683345533,1.035030549006633,1.0214763879776,-0.038808044046163566,-0.004051940049976111,1.0593854522599042,1.0485718250274658,0.7139512300491333,0.7073045372962952
43,1608737369424752505,2,11,0,1.0,0.24618279586610264,1.0422226146949516,1.029342770576477,-0.038496855646371834,-0.0045781885273754605,1.0665670720547131,1.0553425550460815,0.7160012125968933,0.7115381360054016
44,1608737369566716131,2,12,0,1.0,0.2372289974873511,1.0791000152928585,1.043074369430542,-0.07586447149515152,-0.0590975359082222,1.1061069844668254,1.0685144662857056,0.7446590065956116,0.7202231287956238
45,1608737369709647846,2,13,0,1.0,0.2369705906185777,1.1102097109892677,1.0599510669708252,-0.0758121907711029,-0.06162317842245104,1.1399003487510064,1.08590829372406,0.7734588384628296,0.732346773147583
46,1608737369924482031,2,14,0,1.0,0.2087134057498012,1.1543924288980014,1.0841910839080808,-0.1505008339881897,-0.08731348812580109,1.1760262186997277,1.1095972061157229,0.7948102355003357,0.7485761046409607
47,1608737370204056563,2,15,0,1.0,0.21332153708519802,1.1880306731992418,1.1147910356521606,-0.007080749608576299,-0.017596019431948662,1.212248280890477,1.1401697397232056,0.8207264542579651,0.7699311375617981
48,1608737370342545556,2,16,0,1.0,0.2149277380239982,1.2026174758209924,1.1468701362609863,-0.11628416925668715,-0.01965061575174332,1.2268300236230227,1.172222375869751,0.8299938440322876,0.7927296757698059
49,1608737370689059367,2,17,0,1.0,0.20946165577911866,1.3311725991230556,1.197284698486328,-0.09300392121076584,-0.02286948449909687,1.357963533057687,1.2225936651229858,0.937978208065033,0.8313935399055481
50,1608737370827422903,2,18,0,1.0,0.20847436404351927,1.3630338702637057,1.247849464416504,-0.09669985622167587,-0.02335874550044537,1.3871619935030766,1.2720460891723633,0.9546626210212708,0.8676342368125916
51,1608737371115393490,2,19,0,1.0,0.19931747183694,1.4996179759796922,1.3168944120407104,-0.012801502831280231,-0.015619367361068726,1.52633713256952,1.3421082496643066,1.0526852607727049,0.9192093014717102
52,1608737371257543653,2,20,0,1.0,0.20438891096098047,1.5451749098534775,1.3883233070373535,-0.2807273268699646,-0.029968449845910083,1.574393482453876,1.4145371913909912,1.0793287754058838,0.970929741859436
53,1608737371547553353,2,21,0,1.0,0.2070182399523358,1.631909482498806,1.4741817712783811,-0.2739866673946381,-0.04066193103790283,1.6637285138367806,1.501917004585266,1.1259270906448364,1.030116319656372
54,1608737371836926135,2,22,0,1.0,0.2399069344513423,1.7223658531613868,1.5524203777313232,-0.3281846344470978,-0.05261600017547608,1.7592967736890672,1.582183599472046,1.1878172159194946,1.080084204673767
55,1608737372060910733,2,23,0,1.0,0.26569735747096057,1.7592932214330457,1.6316722631454468,-0.009892109781503677,-0.032341312617063515,1.7986909154603956,1.6644893884658811,1.2253568172454834,1.1342229843139648
56,1608737372362316365,2,24,0,1.0,0.2332845780650515,1.851864799946776,1.7021217346191406,0.5200768709182739,-0.018455762416124344,1.9145675456633675,1.7421354055404663,1.3185893297195437,1.1874037981033323
57,1608737372646076193,2,25,1,0.72,0.2704593468715202,1.3687519429022352,1.6668370962142944,1.435911774635315,0.06071605905890465,1.3713219893630937,1.7015211582183838,0.9207526445388794,1.1556886434555054
58,1608737372787930452,2,26,1,0.88,0.3402272985890962,1.2117308165998038,1.582801342010498,1.9885551929473884,0.12765665352344513,1.2587426537631992,1.6205240488052368,0.8470001816749573,1.099903225898743
59,1608737373135561154,2,27,1,0.32,2.290332043803482,0.24501962371081404,1.2873321771621704,0.15378259122371676,0.15326200425624847,0.2450150837303629,1.3176677227020264,0.3275656998157501,0.9278529286384584
60,1608737373275604720,2,28,1,0.24,1.6039374136695048,0.0,0.935473382472992,1.7314579486846924,0.32719317078590393,0.4058823813280337,1.0391060113906858,0.23895886540412906,0.7305733561515808
61,1608737412780682998,3,1,0,1.0,0.22582962169721085,0.9538189955190008,0.7558642029762268,-1.5561665296554563,0.05325431004166603,0.9748145241157457,0.8511553406715393,0.6537854075431824,0.5976125597953796
62,1608737412854933954,3,2,0,1.0,0.22254559591996206,0.9525326991308948,0.672620415687561,-0.03499775379896164,-0.014943226240575312,0.9734516265350368,0.7715812921524048,0.651580810546875,0.5437781810760498
63,1608737412931008865,3,3,0,1.0,0.2190282463975767,0.9602779973440536,0.622329831123352,-0.0004326598427724093,-0.06389432400465013,0.9836153980596622,0.7165558338165283,0.6592018008232117,0.5062184929847717
64,1608737413005533585,3,4,0,1.0,0.22192029845145408,0.9674742434759124,0.7668207883834839,-0.0005897011142224072,-0.19709689915180206,0.9881433712690622,0.8651814460754395,0.6651973724365234,0.5737448334693909
65,1608737413081725693,3,5,0,1.0,0.22164219932524848,0.9767571237788896,0.9621722102165222,-0.0667225793004036,-0.2448622137308121,0.9947837259207072,0.9829617142677308,0.670857846736908,0.6601245999336243
66,1608737413157001073,3,6,0,1.0,0.2174059157255763,0.9799536853067696,0.9673991203308104,-0.06783745437860489,-0.0032964053098112345,0.9978076415464552,0.9875603318214417,0.6733269691467285,0.6640329360961914
67,1608737413234000426,3,7,0,1.0,0.21121090948293272,0.9836589317557628,0.9736244082450868,-0.0340278260409832,-0.0032990677282214165,1.0014722310525517,0.9931644797325134,0.6752808690071106,0.6687729954719543
68,1608737413307301454,3,8,0,1.0,0.2101693915866749,0.9872835403483086,0.9790255427360536,-0.06939157843589783,-0.004382867366075516,1.0050724635198838,0.997455894947052,0.6789466142654419,0.6727219820022583
69,1608737413379249621,3,9,0,1.0,0.21409945576935754,0.9882882346133042,0.9831883311271667,-0.03525257855653763,-0.05467567592859268,1.0085706538557409,1.0015413761138916,0.6795946955680847,0.6756013631820679
70,1608737413454583427,3,10,0,1.0,0.21303519945602595,0.9919470064152344,0.9862262606620787,-0.06643381714820862,-0.05458960309624672,1.0122584313689058,1.0050363540649414,0.6803634166717529,0.6775025129318237
71,1608737413524055426,3,11,0,1.0,0.2150097982429973,0.9906663349473384,0.988368809223175,-0.001044787815771997,-0.0417383648455143,1.0134041054291707,1.0081555843353271,0.6794337630271912,0.6787238717079163
72,1608737413591893563,3,12,0,1.0,0.21691524763880696,0.9918151777995148,0.990000069141388,-0.03747596219182015,-0.04258932545781136,1.0145492054969176,1.0107710361480713,0.6793190240859985,0.679531455039978
73,1608737413735229807,3,13,0,1.0,0.21779793671847536,1.0003800767799311,0.9926193356513976,-0.07009453326463701,-0.04721126705408096,1.0206264182305709,1.0138816833496094,0.6808174252510071,0.6799056529998779
74,1608737413804924159,3,14,0,1.0,0.21624576850241506,1.0039272272473587,0.9957471489906312,-0.07214147597551346,-0.053314290940761566,1.0266408648301777,1.01749587059021,0.6827490925788879,0.6805365681648254
75,1608737413944034582,3,15,0,1.0,0.2225013984964772,1.0071635980770155,0.998790442943573,-0.03629237413406372,-0.04645707830786705,1.0297991388468737,1.0210039615631104,0.6899189352989197,0.6824476718902588
76,1608737414087865539,3,16,0,1.0,0.2198265145104647,1.020730963324769,1.0048034191131592,-0.0011331805726513267,-0.005700167734175921,1.0408919288171543,1.0265015363693235,0.7039534449577332,0.6873515844345093
77,1608737414159375004,3,17,0,1.0,0.21412190957684107,1.0441446740882143,1.0152692794799805,-0.035691585391759865,-0.00569791765883565,1.0667098225865248,1.036933660507202,0.7270182967185974,0.6968914866447449
78,1608737414303268170,3,18,0,1.0,0.21761046922491364,1.0597940044359515,1.0271520614624023,-0.06961730867624283,-0.0056911720894277104,1.0822877585788873,1.0492658615112305,0.7332344651222229,0.7073748707771301
79,1608737414586676463,3,19,0,1.0,0.2124177742490608,1.1023183109664998,1.0468302965164185,-0.044100597500801086,-0.00692313676699996,1.1297691366974114,1.0698914527893066,0.7669547796249391,0.7242159843444824
80,1608737414662996184,3,20,0,1.0,0.21318749417662106,1.109879511000895,1.0673733949661257,-0.06522326916456223,-0.006995711009949446,1.1348000141291956,1.090891718864441,0.7719303965568542,0.7406182885169983
81,1608737415207964880,3,21,0,1.0,0.20763405460469048,1.2107914919288518,1.1053855419158936,-0.01284476649016142,-0.017029132694005966,1.233132572422907,1.1293399333953855,0.8440570235252379,0.7686389684677124
82,1608737415536771453,3,22,0,1.0,0.2075320944324384,1.2290307117254309,1.1423628330230713,-0.075338214635849,-0.020173829048871997,1.2537786947725185,1.1667536497116089,0.846187174320221,0.7924727201461792
83,1608737415909026914,3,23,0,1.0,0.2490763057025656,1.3298773343629264,1.1963794231414795,-0.10607873648405076,-0.024387547746300697,1.3569926375108226,1.2216945886611938,0.9211117625236512,0.8300482034683228
84,1608737416064543917,3,24,0,1.0,0.2469260181340386,1.3753240821532509,1.2509806156158447,-0.003853448666632176,-0.014755501411855219,1.4023545853371866,1.2762117385864258,0.9570028781890868,0.8680578470230103
85,1608737416217028797,3,25,0,1.0,0.2284029244637305,1.4151558118398704,1.3120359182357788,-0.08012979477643968,-0.015358510427176952,1.4445297543325306,1.3381576538085938,0.9890717267990112,0.9114861488342284
86,1608737416457319975,3,26,0,1.0,0.20745814260297726,1.4684134768781272,1.3635603189468384,-0.11117225140333176,-0.02170546539127827,1.5000617967591003,1.3915435075759888,1.0235440731048584,0.9473835229873656
87,1608737416923685917,3,27,0,1.0,0.2349091820038521,1.4132831843080282,1.4004108905792236,0.1191793829202652,-0.007038019131869079,1.4422824556993268,1.4292442798614502,0.9361114501953124,0.965368390083313
88,1608737417069653509,3,28,1,0.96,0.257477032138386,1.3380300140520671,1.4020413160324097,0.015755582600831985,0.007124586496502161,1.3670080937491702,1.431247353553772,0.8478465080261229,0.9507153630256652
89,1608737417352033029,3,29,1,0.92,0.4408163217646149,1.1358994877355055,1.3541563749313354,0.8181839585304259,0.0569026954472065,1.1792746234188851,1.3866313695907593,0.6710408926010132,0.8935229778289795
90,1608737417426560685,3,30,1,0.88,0.3551214826331937,1.1317948138943608,1.297484278678894,0.9995599389076232,0.07346177101135254,1.1774383408706444,1.3332130908966064,0.6800403594970703,0.8317167162895203
91,1608737417502852802,3,31,1,0.68,0.47059976217717603,0.9522956623108176,1.1942605972290041,1.1655782461166382,0.09737072885036467,0.9811361717728077,1.229427933692932,0.5154083967208862,0.7300895452499391
92,1608737417791341747,3,32,1,0.56,0.4934355085221788,0.7996402279101325,1.0715320110321045,1.4361221790313718,0.17021048069000244,0.9176320620253412,1.124497890472412,0.5423358678817749,0.6513344049453735
93,1608737417862444190,3,33,1,0.56,0.6058311572054764,0.6608713575402108,0.9361003041267396,2.0051488876342773,1.199981451034546,0.7937463752208699,1.009845495223999,0.4965690672397614,0.5810788869857788
94,1608737417931994838,3,34,1,0.36,2.774355982953628,0.404592233837996,0.7898387908935547,2.312744379043579,1.5193216800689695,0.17305809855688775,0.8086022138595581,0.4614610970020294,0.5391629934310913
95,1608737461864441790,4,1,0,1.0,0.2552346801588288,0.7898667776732007,0.7214532494544983,-0.16819652915000916,-0.014013773761689665,0.8143282052511165,0.7359801530838013,0.5632513761520386,0.5158051252365112
96,1608737461941391247,4,2,0,1.0,0.2597615470523077,0.7871015442095015,0.6884145140647888,0.03174106404185295,-0.028964539989829063,0.8115883118534462,0.7020705938339233,0.559487521648407,0.5246210098266602
97,1608737462017314363,4,3,0,1.0,0.2605746841055271,0.7885528056903921,0.6861969828605652,8.852955943439156e-06,-0.05896806716918945,0.810698225274778,0.6806837916374207,0.5609423518180847,0.5283423066139221
98,1608737462092354357,4,4,0,1.0,0.2636417094423245,0.7866175800173683,0.7113462090492249,-0.00017322500934824347,-0.07339049875736238,0.8086969385706239,0.6836739778518677,0.5599527359008789,0.5410190224647522
99,1608737462167246693,4,5,0,1.0,0.2680817269581492,0.7836887472854115,0.7871655225753784,-0.0007323683239519597,-0.0896444022655487,0.8079830198150214,0.8106589317321777,0.5589290261268616,0.5605126023292542
100,1608737462242703102,4,6,0,1.0,0.2692032745081077,0.8006707245992005,0.7893262505531311,-0.06397338211536407,-0.0005165372276678681,0.8225945295560675,0.8123121857643127,0.572313666343689,0.5623250603675842
101,1608737462318370316,4,7,0,1.0,0.27191176477535617,0.8102401103430853,0.7939540147781372,-0.09649112075567244,-0.002602249151095748,0.832113941867429,0.8164173364639282,0.5746175050735474,0.5653510689735413
102,1608737462393238377,4,8,0,1.0,0.27411432710574063,0.8149119532936436,0.7992258071899414,-0.06466461718082428,-0.04532186686992645,0.8344179149333601,0.8211612701416016,0.5736902952194214,0.5679006576538086
103,1608737462468679928,4,9,0,1.0,0.2832505700015441,0.8173885286649747,0.8053799867630005,-0.03283841535449028,-0.05182204395532608,0.8416733470360056,0.8277565836906433,0.5748966336250305,0.570889413356781
104,1608737462544134286,4,10,0,1.0,0.29305050183667103,0.8222024219218539,0.8130828142166138,-0.0643324926495552,-0.06447885185480118,0.8465333200933471,0.8354665637016296,0.5752801299095154,0.5741596221923828
105,1608737462692067965,4,11,0,1.0,0.29546941637281915,0.8367248273657486,0.8202936053276062,-0.09888088703155518,-0.07588908821344376,0.8561787831933592,0.8421834111213684,0.5792588591575623,0.5755487084388733
106,1608737462764131065,4,12,0,1.0,0.29415464149636955,0.8461900533214379,0.827483594417572,-0.13439780473709104,-0.08185063302516937,0.8680524387164226,0.8493711352348328,0.5823616981506348,0.5770975351333618
107,1608737462907136776,4,13,0,1.0,0.302729657709019,0.8532674982625087,0.8351547122001648,-0.05128961056470871,-0.0758499950170517,0.8751293218501596,0.8575134873390198,0.5878614783287048,0.5799317359924316
108,1608737463046826944,4,14,0,1.0,0.3068918310495468,0.8647872244886773,0.8446344137191772,-0.0027338021900504827,-0.00997827760875225,0.8866303991703011,0.8665048480033875,0.5951429009437561,0.5839810371398926
109,1608737463183681608,4,15,0,1.0,0.30704617532320283,0.8717856990363055,0.8545510172843933,-0.053211618214845664,-0.010346179828047752,0.8935991258413062,0.8759180307388306,0.5993958115577698,0.5888041257858276
110,1608737463542378111,4,16,0,1.0,0.30536597300167195,0.8764682472393494,0.8624996542930603,-3.280350938439369e-05,-0.0070817037485539905,0.8982998839953452,0.8843422532081604,0.6101933121681213,0.5949910283088684
111,1608737463857660204,4,17,0,1.0,0.28718804613501103,0.9050707097619056,0.874275803565979,0.06922663003206253,-0.0009142236667685213,0.9292871021022188,0.8965891599655151,0.6502642035484314,0.6085715293884277
112,1608737464005339243,4,18,0,1.0,0.2803935518801911,0.8948896386851328,0.8826002478599548,0.002739052288234234,0.0015046295011416078,0.9167396836446106,0.9049112200737,0.6454980969429016,0.620098888874054
113,1608737464236750931,4,19,0,1.0,0.2749163261157661,0.8730112101571129,0.8842450976371765,0.0943796932697296,0.008849965408444405,0.8997187633894601,0.9075289368629456,0.6317557096481323,0.6274213790893555
114,1608737464465856317,4,20,0,1.0,0.26229077943433715,0.8561207842489896,0.8811121582984924,0.0738493874669075,0.013042997568845749,0.8876014782701137,0.906329333782196,0.6277136206626892,0.6330849528312683
115,1608737464775795809,4,21,0,1.0,0.26015575159920584,0.8682553232171072,0.8794695734977722,-0.03899475559592247,0.010973982512950895,0.8949479426105778,0.9056589603424072,0.6346209645271301,0.637970507144928
116,1608737465012852330,4,22,0,1.0,0.2526202185761696,0.9043922926491484,0.8793338537216187,-0.007483438123017549,0.000505623291246593,0.9310924213931394,0.9060200452804564,0.6514407396316528,0.6382058262825012
117,1608737465176134212,4,23,0,1.0,0.249358386678642,0.928449091142662,0.8860456943511963,-0.1484774649143219,-0.0057603963650763035,0.9527511290218138,0.913222312927246,0.6585841774940491,0.6408230662345886
118,1608737465702208025,4,24,0,1.0,0.2615870178666417,1.0197184701503488,0.9153872132301332,-0.11975689977407455,-0.02019408345222473,1.0463812062993505,0.9425548315048218,0.7129204273223877,0.6570559740066528
119,1608737465940727592,4,25,0,1.0,0.26755716906326904,1.0405067615947723,0.9522644281387328,-0.08143220841884613,-0.02645983174443245,1.0670938804964467,0.9784533381462096,0.7250868678092957,0.676530659198761
120,1608737466236655304,4,26,0,1.0,0.29402073402542306,1.058699092194051,0.9903531670570374,-0.00420499499887228,-0.015907960012555122,1.085259083884352,1.016515612602234,0.7339798212051392,0.6964024305343628
121,1608737466388627619,4,27,0,1.0,0.2969304876131933,1.0791800409231935,1.025310754776001,-0.047342050820589066,-0.02348320186138153,1.1057391284562466,1.0514448881149292,0.747643768787384,0.715643048286438
122,1608737466465948722,4,28,0,1.0,0.2940039836729675,1.0948818792826591,1.058597207069397,-0.0008196139242500068,-0.01951497606933117,1.123735404138884,1.0856417417526243,0.7644745707511902,0.7368211150169373
123,1608737467005956776,4,29,0,1.0,0.24904524513664744,1.2080394384588409,1.0962613821029663,-0.006459027994424105,-0.007804491091519593,1.2369279741353505,1.1237510442733765,0.8527042269706726,0.7647778391838074
124,1608737467077426042,4,30,0,1.0,0.2480729303288429,1.2082169858685974,1.1298035383224487,-0.034104667603969574,-0.006192216649651527,1.2394345291702271,1.1582192182540894,0.851904571056366,0.7901413440704346
125,1608737467305157084,4,31,0,1.0,0.2480654008339189,1.2061764679675493,1.1592990159988403,6.818795372964814e-05,-0.00762737775221467,1.2373645032250884,1.1886403560638428,0.8488752841949463,0.8131204843521118
126,1608737467754033289,4,32,0,1.0,0.2456341444129181,1.19277005754949,1.1820169687271118,0.010665030218660831,-0.0051104836165905,1.2287034384591662,1.2132331132888794,0.8382862210273743,0.8312489986419678
127,1608737467829720661,4,33,0,1.0,0.2470973433531341,1.192668042488119,1.201574206352234,-0.03148898482322693,-0.005521934479475021,1.2285603016132869,1.2341980934143066,0.8361570239067078,0.8455854654312134
128,1608737468281161605,4,34,0,1.0,0.2579443177687852,1.243322471070108,1.2086308002471924,-0.008553003892302513,-0.007291335612535477,1.2767186134084856,1.2421562671661377,0.8567019104957581,0.8463850021362305
129,1608737468567771032,4,35,0,0.96,0.2630671105285983,1.2452248329074551,1.2160323858261108,-0.016659991815686226,-0.007424226962029935,1.2761755776279975,1.2495044469833374,0.8491759300231934,0.8458393216133118
130,1608737468720298709,4,36,0,0.96,0.2733794064613982,1.234356665614426,1.221668362617493,0.04673249274492264,-0.00627641286700964,1.2675616230293576,1.2555439472198486,0.8430702090263367,0.8446782827377319
131,1608737469087680767,4,37,1,0.96,0.3282029195562226,1.1905768339359517,1.2212297916412354,0.0156878512352705,0.0032766356598585844,1.2212267349511412,1.2540485858917236,0.814561128616333,0.8399332761764526
132,1608737469317064923,4,38,1,0.96,0.3545173306140122,1.179939243848101,1.2186840772628784,0.4164857566356659,0.01294342614710331,1.2102131588603098,1.250379204750061,0.8149740099906921,0.8356966376304626
133,1608737469397806073,4,39,1,1.0,0.3764767880416117,1.1620147195142732,1.2024224996566772,0.34640568494796753,0.03677273541688919,1.1852523130303227,1.232085943222046,0.7913544774055481,0.8226271271705627
134,1608737469688721765,4,40,1,0.8,0.4660307410287902,0.9976268604809736,1.1529028415679932,0.574135959148407,0.06846481561660768,1.0254983183806428,1.1819504499435425,0.6449812054634094,0.7817882299423218
135,1608737469838645324,4,41,1,0.76,0.5037261344595969,0.9132926095273832,1.0886900424957275,0.6339797973632812,0.08473928272724153,0.9434142822430762,1.1171209812164309,0.5536218285560608,0.7238985300064087
136,1608737470002895170,4,42,1,0.64,0.8948980346404871,0.7503614813256073,1.000646948814392,0.02552884072065353,0.09585399925708772,0.6412045987117847,1.0011165142059326,0.424749493598938,0.6459362506866455
137,1608737470077615646,4,43,1,0.8,0.820081910155027,0.7535196459188364,0.9153630137443542,0.809078574180603,0.09184741228818892,0.7628428940173659,0.9116424918174744,0.4690214097499848,0.5767456889152527
138,1608737470153058897,4,44,1,0.64,0.9830774035451834,0.7829701935596566,0.8395541310310364,0.7717946767807007,0.09793508797883987,0.6897515326860932,0.8125423192977905,0.5285627245903015,0.5241873264312744
139,1608737470374470303,4,45,1,0.6,1.1612686718809409,0.6096239389939818,0.7619536519050598,0.622665286064148,0.09344716370105743,0.6517666216021155,0.7377959489822388,0.4235608577728272,0.4799032509326935
140,1608737470601578711,4,46,1,0.4,2.573034476321089,0.5153311636394671,0.6823613047599792,0.569774329662323,0.09881289303302764,0.17647838879607208,0.5844087600708008,0.4965169429779053,0.4684822857379913
141,1608737470677361296,4,47,1,0.52,1.2692823821595127,0.4956839260899114,0.6314257383346558,0.8093697428703308,0.6631664633750916,0.6136742383270007,0.5789027214050293,0.377172976732254,0.458967000246048
142,1608737470916526082,4,48,1,0.36,4.19069599634478,0.3877776198430476,0.5582773685455322,0.7362674474716187,0.6710106134414673,0.13795401528553386,0.4539249539375305,0.4258571267127991,0.4503341317176819
143,1608737513839210702,4,1,0,1.0,0.21884509139845107,0.5282671136315125,0.5073367953300476,-0.3400750756263733,-0.18816502392292025,0.5409810153345326,0.4241708517074585,0.3670238554477692,0.41802632808685297
144,1608737513913051716,4,2,0,1.0,0.21124466774783607,0.5305782136081897,0.4915275871753693,-1.399639768351335e-05,-0.22207944095134727,0.54334916151156,0.4024873375892639,0.3693245649337769,0.4071790874004364
145,1608737513989201421,4,3,0,1.0,0.22291730315633232,0.5416223338671872,0.4967858195304871,-0.0005087502067908645,-0.25651150941848755,0.5544316305817796,0.4780780076980591,0.3774579167366028,0.3833673000335693
146,1608737514145205258,4,4,0,1.0,0.219728999333072,0.5486867724706249,0.5073863863945007,-2.0822759324801154e-05,-0.14003752171993256,0.5656978295607318,0.4684827327728272,0.3828887343406677,0.38451042771339417
147,1608737514373159775,4,5,0,1.0,0.2332671267467241,0.5600701229303024,0.5418448448181152,-0.01867324858903885,-0.16003508865833282,0.5730360443516899,0.5554991364479065,0.3899070620536804,0.377320408821106
148,1608737514601281288,4,6,0,1.0,0.2812290509720461,0.567433955487605,0.5496782660484314,-0.018970275297760963,-0.0017236642306670547,0.5846175390500793,0.5642264485359192,0.3920254707336426,0.38232076168060297
149,1608737514753858726,4,7,0,1.0,0.27967424193230755,0.5796609394315854,0.5594947934150696,-0.027903111651539803,-0.002526004100218416,0.5927225814830742,0.5741010904312134,0.3937635123729706,0.3872085213661194
150,1608737514983181288,4,8,0,1.0,0.25021642097827346,0.5836206872945736,0.5678944587707521,-8.373121090698987e-05,-0.002449154388159513,0.5967759553425563,0.5825700163841248,0.3942420780658722,0.3905653953552246
151,1608737515210334157,4,9,0,1.0,0.2206587040015429,0.5885236609659433,0.5758618712425232,-3.451106977081508e-06,-0.002402265323325992,0.6017900937476872,0.5897884368896484,0.39828115701675415,0.393643856048584
152,1608737515514216405,4,10,0,1.0,0.21664953053598893,0.6249169036740054,0.5888312458992004,5.296888775774278e-05,-0.0015827055322006345,0.6383014228047017,0.6028415560722351,0.4278393387794495,0.4012303054332733
153,1608737515746535562,4,11,0,1.0,0.21093853584252087,0.6486805934501659,0.6050805449485779,3.290157837909646e-05,-0.0007846101652830839,0.6621974924660182,0.6183574795722961,0.44528281688690186,0.4118817746639252
154,1608737515975170145,4,12,0,1.0,0.2067018537293676,0.6691155452879723,0.6229714751243591,-0.020085426047444344,-0.0008344920934177934,0.6827685835502649,0.6363667249679565,0.4590289592742921,0.4249348640441895
155,1608737516200792619,4,13,0,1.0,0.21572570885872167,0.6855106893599111,0.6433494687080383,-0.0020375661551952358,-0.0014065791619941592,0.7039610442297605,0.6578037142753601,0.4654844701290129,0.4391833245754242
156,1608737516427394241,4,14,0,1.0,0.21934566785757567,0.6984054765410938,0.6653258204460144,-0.00015094304399099198,-0.002506099408492446,0.7216780678611794,0.6817812919616699,0.4795430302619934,0.45543572306633
157,1608737516657072639,4,15,0,1.0,0.2194077005209696,0.7031703334304512,0.6809765100479126,-2.9345394068514e-05,-0.00254449644125998,0.7265869052080967,0.6994383931159973,0.4844036400318146,0.4667485952377319
158,1608737516887126333,4,16,0,1.0,0.2273233248997967,0.7070796189161447,0.6926563382148743,0.020657766610383987,-0.001672647544182837,0.7259069589774573,0.7121803760528564,0.4863382279872894,0.474959671497345
159,1608737517116074438,4,17,0,1.0,0.2434855621792212,0.6942728479478082,0.6976877450942993,0.004147966857999563,0.0014660094166174527,0.7130535328481691,0.7182373404502869,0.4714339971542358,0.4774406850337982
160,1608737517346646992,4,18,1,1.0,0.2567053763723897,0.6643178425522037,0.6934492588043213,0.1822936832904816,0.01204017084091902,0.6922902197171958,0.7159031629562378,0.44283711910247797,0.4729112088680267
161,1608737517562046382,4,19,1,0.96,0.30227922260554857,0.5964133808188028,0.6730507612228394,0.2401652336120605,0.021598948165774345,0.6059202639110575,0.6927515864372253,0.3538026213645935,0.4477631151676178
162,1608737517774519257,4,20,1,0.88,0.36057563416125815,0.5517504589873369,0.6427668333053589,0.4217560589313507,0.03822555765509605,0.5752954492177788,0.6624932885169983,0.29240816831588745,0.4093640148639679
163,1608737517988618844,4,21,1,0.8,0.4676826949753106,0.7585662088278053,0.6530641317367554,0.6186332702636719,0.062001623213291175,0.7682016338111971,0.6709522008895874,0.4971157312393189,0.4115195274353027
164,1608737518198518395,4,22,1,0.64,0.4724477725068058,0.5696981468903423,0.6281492114067078,0.04211453720927239,0.09401263296604156,0.6028734348994674,0.6489162445068359,0.3457590937614441,0.3863845467567444
165,1608737518407397515,4,23,1,0.6,0.6995468422331033,0.2940417790686813,0.5540940165519714,1.3504263162612915,0.13921356201171875,0.34171480639695617,0.578801155090332,0.13465508818626404,0.32474812865257263
166,1608737561853848867,6,1,0,0.44,0.254667056738282,-1.0,0.5540940165519714,0.0,0.13921356201171875,2.0068060005664217,0.8589782118797302,1.0536930561065674,0.4647262096405029
167,1608737561941325042,6,2,0,0.52,0.28221013945819184,-1.0,0.5540940165519714,0.0,0.13921356201171875,1.9540836191424364,1.1347358226776123,1.134321212768555,0.6331087946891785
168,1608737562021555789,6,3,0,0.52,0.3261187872701189,-1.0,0.5540940165519714,0.0,0.13921356201171875,1.8229703681038516,1.3456895351409912,1.038183093070984,0.7413222789764404
169,1608737562103125312,6,4,0,0.56,0.3278824563208901,-1.0,0.5540940165519714,0.0,0.13921356201171875,1.76017364757794,1.5771496295928955,0.9906271696090698,0.8702958822250366
170,1608737562181698873,6,5,0,0.52,0.33535460299042685,-1.0,0.5540940165519714,0.0,0.13921356201171875,1.701746016823054,1.8491557836532595,0.9550610780715942,1.034377098083496
171,1608737562251370081,6,6,0,0.52,0.34372520984115706,-1.0,0.5540940165519714,0.0,0.13921356201171875,1.6575412664920728,1.7793029546737669,0.9237279891967772,1.008384108543396
172,1608737562322233336,6,7,0,0.52,0.3391660346684961,-1.0,0.5540940165519714,0.0,0.13921356201171875,1.609489042406157,1.7103841304779053,0.8944443464279175,0.9604087471961976
173,1608737562391437852,6,8,0,0.52,0.3333372820195944,-1.0,0.5540940165519714,0.0,0.13921356201171875,1.560130220213106,1.6578160524368286,0.8654751777648926,0.9258671402931212
174,1608737562462269900,6,9,0,0.52,0.3338688139681906,-1.0,0.5540940165519714,0.0,0.13921356201171875,1.5045971749568274,1.6067007780075069,0.8207995891571045,0.8919016122817993
175,1608737562533140193,6,10,0,0.4,0.5993602469028609,-1.0,0.5540940165519714,0.0,0.13921356201171875,0.7809670039950222,1.4225449562072754,0.6111432313919067,0.8231180310249329
176,1608737562673628061,6,11,0,0.56,0.32151386899077394,-1.0,0.5540940165519714,0.0,0.13921356201171875,1.426791092535451,1.3763948678970337,0.7999749183654785,0.7983673810958862
177,1608737562885026277,6,12,0,0.64,0.26899657291986745,-1.0,0.5540940165519714,0.0,0.13921356201171875,1.6576964338467601,1.3860363960266109,1.07952880859375,0.8353843688964844
178,1608737562956845138,6,13,0,0.68,0.25253397733013355,-1.0,0.5540940165519714,0.0,0.13921356201171875,1.7344871420677996,1.4209078550338743,1.1809388399124146,0.8984770774841309
179,1608737563169869688,6,14,0,0.84,0.24330216765264284,-1.0,0.5540940165519714,0.0,0.13921356201171875,1.6678251568764155,1.453553318977356,1.1554468870162964,0.9654065370559692
180,1608737563312046820,6,15,1,0.88,0.24032477664510554,-1.0,0.5540940165519714,0.0,0.13921356201171875,1.5370463241173629,1.604769229888916,1.0606426000595093,1.0553064346313477
181,1608737563542978465,6,16,1,0.88,0.26305583813106104,-1.0,0.5540940165519714,0.0,0.13921356201171875,1.3275118334413742,1.5849133729934692,0.8767290115356445,1.0706572532653809
182,1608737563849025869,6,17,1,0.88,0.2850819497642623,-1.0,0.5540940165519714,0.0,0.13921356201171875,1.1136374852259034,1.476101636886597,0.7085084915161133,0.9964531660079956
183,1608737564001915482,6,18,0,0.88,0.3364734598048775,-1.0,0.5540940165519714,0.0,0.13921356201171875,1.049933664470578,1.3391908407211304,0.6709502935409546,0.8944554924964905
184,1608737564161162888,6,19,0,0.68,0.38916156611289227,-1.0,0.5540940165519714,0.0,0.13921356201171875,0.9697844658701849,1.1995826959609983,0.6406775712966919,0.7915015816688538
185,1608737564315452988,6,20,0,0.8,0.4171832823010765,-1.0,0.5540940165519714,0.0,0.13921356201171875,0.8502073690881253,1.062214970588684,0.5743367671966553,0.694240391254425
186,1608737564469846821,6,21,0,0.92,0.3866250930399734,0.7756395561082481,0.5899392366409302,-0.28454095125198364,0.2602843940258026,0.7933244114187857,0.9553775191307068,0.5821327567100525,0.6353211402893066
187,1608737564543175415,6,22,0,0.44,0.8549678240495666,0.26941750725348984,0.5334726572036743,0.5950320363044739,0.2577282786369324,0.3001752333704471,0.7926850318908691,0.1167377308011055,0.5169669985771179
188,1608737602108315284,7,1,0,1.0,0.22806107832261344,0.5746180317411377,0.4966829717159271,-0.18733976781368256,0.03690177947282791,0.5901712853927888,0.7007325291633606,0.39773839712142944,0.4623246490955353
189,1608737602186154062,7,2,0,1.0,0.21825800568742,0.5810939426322854,0.4989621639251709,0.00014873912732582542,0.025848180055618286,0.5967577607239062,0.6261272430419922,0.40042781829833984,0.4142746925354004
190,1608737602262697975,7,3,0,1.0,0.21217988649996805,0.5877380605634085,0.5577014088630676,-0.00040978004108183086,-0.09796180576086044,0.6060364756040796,0.5772930383682251,0.4049399793148041,0.3803953230381012
191,1608737602336754761,7,4,0,1.0,0.21277955458260006,0.6009738327511939,0.5227682590484619,-0.0001887798571260646,-0.1587890386581421,0.6193677496035448,0.5425016880035399,0.4164519608020783,0.34725919365882874
192,1608737602417596818,7,5,0,1.0,0.21518127320672853,0.6111530182431494,0.5911153554916382,-0.03231489285826683,-0.17160733044147491,0.6270566739326011,0.6078779697418213,0.4233168363571167,0.4085749983787537
193,1608737602496812176,7,6,0,1.0,0.21334562270961369,0.6178825748879907,0.5997682809829712,-0.033950962126255035,-0.013733981177210808,0.6337971989547582,0.6166031956672668,0.428679883480072,0.41476330161094666
194,1608737602574083349,7,7,0,1.0,0.2083414111170049,0.623011781255045,0.6081518530845642,-0.10169852524995804,-0.034041129052639015,0.6336264909441318,0.6239769458770752,0.42812052369117737,0.4203018248081207
195,1608737602646266865,7,8,0,1.0,0.21168361991734885,0.6271681387677221,0.6160378456115723,-0.03652099519968033,-0.04121918976306915,0.6377754898380988,0.6303247213363647,0.43135732412338257,0.4255852997303009
196,1608737602787408260,7,9,0,1.0,0.2386664481522456,0.6313335619472045,0.6221097707748413,-0.0190356969833374,-0.04101409018039704,0.6445979758886888,0.6353707909584045,0.4323854148387909,0.42877197265625
197,1608737602926488824,7,10,0,1.0,0.2469989901342521,0.6328099825279272,0.6264411807060242,1.4927846677892374e-05,-0.031182775273919106,0.6461167503877612,0.6391828060150146,0.4320602715015411,0.4305206537246704
198,1608737603068540644,7,11,0,1.0,0.2397206724297954,0.6342346256176031,0.6297116279602051,1.109470485971542e-05,-0.0026979290414601564,0.6449754594869843,0.64141845703125,0.4339565336704254,0.4315759837627411
199,1608737603212245792,7,12,0,1.0,0.2245392444619162,0.6410855284144441,0.6333263516426086,3.0031005735509093e-06,-0.0010685314191505313,0.6544716876919592,0.6455875039100647,0.4416729211807251,0.43428650498390203
200,1608737603424062576,7,13,0,1.0,0.21915355938952472,0.65863825781853,0.6396203637123108,-0.00017971119086723777,-0.0005269427201710641,0.6720674988187332,0.6524458527565002,0.4573922157287598,0.43949347734451294
201,1608737603499663306,7,14,0,1.0,0.2147932359631132,0.6709579415176686,0.6475452184677124,-0.00026858551427721977,-1.3252773669591988e-06,0.6870627594430664,0.6609387993812561,0.4674282670021057,0.4465020298957825
202,1608737603792238448,7,15,0,1.0,0.21139106836569505,0.6938510318713222,0.6597534418106079,-0.009208228439092636,-0.0005237277946434915,0.7126772100389773,0.6742509603500366,0.4778012633323669,0.4556502401828766
203,1608737604178024391,7,16,0,0.96,0.2153235798301028,0.7247810758145384,0.6778627634048462,-0.00287020718678832,-0.0029950812458992004,0.7382990248479985,0.6929156184196472,0.4939865469932556,0.4676562547683716
204,1608737604408150273,7,17,0,1.0,0.21512249013773305,0.7369500313502501,0.6970356702804565,-0.035157229751348495,-0.004421481862664223,0.7532071676571834,0.7126627564430237,0.4976244866847992,0.478846549987793
205,1608737604479470586,7,18,0,1.0,0.2214468774508654,0.7384504493534174,0.7129981517791748,-0.0008210114319808781,-0.004541415721178055,0.7573806168630959,0.7297253608703613,0.4990251362323761,0.4871731400489807
206,1608737604849664316,7,19,0,1.0,0.22974376833437524,0.7452980662609476,0.7278661131858826,-0.007235964294523002,-0.00477534718811512,0.7669446178624114,0.7457017302513123,0.5108525156974792,0.4958579838275909
207,1608737605004696808,7,20,0,1.0,0.2412113564656889,0.7576317491293356,0.7406222820281982,7.246478617162213e-06,-0.002471879823133349,0.7766923295839268,0.7585047483444214,0.5177748203277588,0.5038527250289917
208,1608737605076439888,7,21,0,1.0,0.23962432590597665,0.761993791384511,0.7480648159980774,0.03698333352804184,-0.0015678235795348885,0.7836998380249671,0.7675849199295044,0.5202239155769348,0.5091001987457275
209,1608737605446101680,7,22,1,1.0,0.2544668793145445,0.7393006160880703,0.7485349178314209,0.13285678625106812,0.009199532680213451,0.7611244938620734,0.7691683769226074,0.4828496873378754,0.5061452388763428
210,1608737605523220282,7,23,1,0.96,0.28890703500739123,0.6976884104189789,0.7403825521469116,0.2838301360607147,0.013300479389727116,0.7195629974167517,0.7616048455238342,0.44504278898239136,0.4953487515449524
211,1608737605596934818,7,24,1,0.96,0.3054813379198497,0.6727314035744167,0.7258691787719727,0.372496485710144,0.02005946822464466,0.6919209763967655,0.7466001510620117,0.4219241142272949,0.4775630831718445
212,1608737605822038051,7,25,1,0.92,0.37449541444195256,0.6256998549576092,0.699482798576355,0.37984076142311096,0.2283204793930053,0.6477558584960468,0.7208128571510315,0.358794778585434,0.4457670748233795
213,1608737605893354992,7,26,1,0.84,0.4248971421677592,0.6198416911078135,0.6710523962974548,0.5819258689880371,0.2759939432144165,0.644770319779909,0.6930269002914429,0.3459064066410065,0.41090357303619385
214,1608737606032095002,7,27,1,0.8,0.5500651677612409,0.5890263828451471,0.640997588634491,0.016911260783672333,0.05149214342236519,0.6112343611752797,0.6630489230155945,0.30237388610839844,0.3748084008693695
215,1608737606180973756,7,28,1,0.64,0.4891518789625208,0.4915455382601033,0.5997689962387085,0.6189633011817932,0.06493259221315384,0.5138743529119469,0.6219111680984497,0.21037909388542173,0.3278756439685821
216,1608737606261145016,7,29,1,0.56,0.6022067442601211,0.4691317171785626,0.5590490102767944,0.665766716003418,0.07007411867380142,0.4943933883037334,0.5824056267738342,0.166200190782547,0.27673086524009705
217,1608737664771694522,8,1,0,1.0,0.2623927624680671,0.6068358925362045,0.5552762746810913,0.2562659978866577,-0.049079347401857376,0.6237353490883036,0.5776015520095825,0.41443490982055664,0.2878589034080505
218,1608737664847452462,8,2,0,1.0,0.26120789156664503,0.6189858929651381,0.5551050901412964,-0.1124073937535286,-0.06504298746585846,0.6303513417012697,0.5747177600860596,0.41882771253585815,0.30244314670562744
219,1608737664926161956,8,3,0,1.0,0.2612107673630455,0.6228541713997845,0.5618706345558167,3.909830775228329e-05,0.2249171882867813,0.6342928204607018,0.5793294906616211,0.4214458763599396,0.3262575566768646
220,1608737665000455449,8,4,0,1.0,0.2522158761979049,0.6269303030298337,0.588947594165802,-3.650987764558522e-06,-0.12397239357233047,0.638449203269162,0.6042444109916687,0.4256206154823303,0.36930587887763977
221,1608737665079980356,8,5,0,1.0,0.2431411276928277,0.6312772536995329,0.6213767528533936,-0.00024608150124549866,-0.14189143478870392,0.6428780546032591,0.6339413523674011,0.4281005859375,0.4216859340667725
222,1608737665156432361,8,6,0,1.0,0.2431434464829601,0.6357672886965013,0.6271629929542542,1.027066218739492e-06,-0.0018266360275447366,0.647450469172469,0.6386843919754028,0.431139200925827,0.4250267744064331
223,1608737665235675774,8,7,0,1.0,0.2252325388765417,0.6412350869745818,0.6316128373146057,-7.495473982999101e-05,-8.179352334991561e-06,0.6530245391509361,0.6432190537452698,0.43483489751815796,0.4282282292842865
224,1608737665309241351,8,8,0,1.0,0.2161585154725396,0.6468008938966644,0.6364021897315979,0.00023564479488413776,-5.140506345924224e-06,0.6587014883951449,0.648100733757019,0.43862032890319824,0.4316631257534027
225,1608737665388058796,8,9,0,1.0,0.21526688493804333,0.6524302251769347,0.6415022015571594,0.0376548245549202,0.007636058144271374,0.6673757246078699,0.6538860201835632,0.4444003403186798,0.4354190528392792
226,1608737665458496920,8,10,0,1.0,0.21533026289130447,0.6582044080571668,0.6468876004219055,3.808526889770292e-05,0.00787816010415554,0.6732632878601658,0.6599631309509277,0.4468520879745483,0.4391693770885468
227,1608737665529861364,8,11,0,1.0,0.21976138560699754,0.6610052157093925,0.6519351601600647,0.08501210808753967,0.02423158660531044,0.6792521612929999,0.6663234233856201,0.4518103897571564,0.4433036148548126
228,1608737665599474529,8,12,0,1.0,0.22429708333625129,0.6672807117557591,0.65714430809021,0.04499497637152672,0.033499181270599365,0.6857610180562873,0.6728707551956177,0.4551064372062683,0.4473579227924347
229,1608737665741961064,8,13,0,0.96,0.21989339017209944,0.7014731401743208,0.6680787205696106,0.022103376686573032,0.03540179878473282,0.7201142324704995,0.6851533055305481,0.4806132912635803,0.4557565152645111
230,1608737665813770764,8,14,0,0.96,0.2231549830742888,0.7113116074416166,0.6798550486564636,0.0429205559194088,0.0362529456615448,0.7300856538817774,0.697695255279541,0.4872834384441376,0.4643331170082092
231,1608737665957705919,8,15,0,0.96,0.2264514783819039,0.7239487604992854,0.6930038928985596,0.021900000050663948,0.03722451254725456,0.7397830393844137,0.7109992504119873,0.4952540993690491,0.4740135371685028
232,1608737666027767098,8,16,0,0.96,0.2265018022006145,0.7305200176819379,0.7069067955017091,8.206331585824955e-06,0.002618844620883465,0.7465008506812579,0.7244489789009094,0.4981973469257355,0.4832909107208252
233,1608737666394110613,8,17,0,1.0,0.2317534082233235,0.7307235704940515,0.7195953726768494,0.026255642995238304,0.00374059216119349,0.7500047666953941,0.7372977137565613,0.4984387755393982,0.4919573962688446
234,1608737666548134780,8,18,0,1.0,0.2270132411270894,0.7484130155235016,0.7289833426475525,-0.06299502402544023,0.0012126584770157929,0.7710669114041991,0.7474882006645203,0.5076079368591309,0.4973563253879547
235,1608737666633163081,8,19,0,1.0,0.2291943523877661,0.7589741736490453,0.7385159134864807,-0.07617080956697464,-0.0006594854639843106,0.7818260330768441,0.7578363418579102,0.5174226760864258,0.5033841729164124
236,1608737667179824639,8,20,0,1.0,0.22106720063505111,0.814985910024262,0.7567233443260193,-0.0054101403802633286,-0.0033345636911690235,0.8409392345880029,0.7780675292015076,0.5601168870925903,0.5163567066192627
237,1608737667331769884,8,21,0,1.0,0.2289945042663234,0.8329750763430855,0.7772144079208374,-0.020793318748474118,-0.0064144269563257686,0.8558301982365119,0.7999334335327148,0.570601761341095,0.5308375954627991
238,1608737667564269072,8,22,0,1.0,0.232320031530518,0.8500961384393527,0.8010888695716858,-0.00012988144590053707,-0.008337038569152355,0.8729469777138421,0.8245218992233276,0.5825526118278503,0.5476604104042053
239,1608737667716022680,8,23,0,1.0,0.22875836378480804,0.8634204436597926,0.8240903615951538,-0.0003034947148989886,-0.00657280208542943,0.8862886435795153,0.8475661873817444,0.5930374264717102,0.5647462606430054
240,1608737668174102694,8,24,0,1.0,0.2473965828856932,0.9030594385562626,0.8529074192047119,-0.003416571300476789,-0.00450787553563714,0.9192559671305977,0.8750522136688232,0.6204045414924622,0.5853426456451416
241,1608737668393316023,8,25,0,1.0,0.2508326737618915,0.9087503486877108,0.8716602921485901,-0.0441298708319664,-0.005291622132062912,0.9314450247944054,0.8931533694267273,0.6161229014396667,0.5965438485145569
242,1608737668468498356,8,26,0,1.0,0.24043846475789504,0.9020568780796874,0.8854766488075256,-0.00037037095171399415,-0.004789863247424364,0.9246068427048124,0.9069086909294128,0.6131974458694458,0.6050630211830139
243,1608737669072578860,8,27,0,1.0,0.233917255924364,0.9225626753002042,0.8999699950218201,-0.0006571481353603302,-0.002892214106395841,0.9482695779032916,0.9219732284545898,0.6268338561058044,0.613919198513031
244,1608737669317267742,8,28,0,1.0,0.2348753427462311,0.9300414077780992,0.9132941365242004,0.00015952087414916605,-0.002857489977031946,0.9557231248839588,0.9358601570129396,0.6280773282051086,0.6209272146224976
245,1608737669394110112,8,29,0,1.0,0.2372707650647793,0.9185450660298328,0.9163913130760192,0.04154047742486,-0.00175703433342278,0.9441614164268012,0.9408411979675292,0.61399245262146,0.619644820690155
246,1608737669835717104,8,30,0,1.0,0.2435000079552311,0.9547224979291532,0.925585687160492,-0.021777631714940068,-0.0016790446825325491,0.9834331394811512,0.9512388110160828,0.6327393651008606,0.6229680776596069
247,1608737669986462556,8,31,0,1.0,0.2360695923540728,0.999816613433979,0.945137619972229,-0.04227488860487938,-0.002748733619228005,1.025283083185141,0.9713740944862366,0.6760876178741455,0.6355462074279785
248,1608737670217384738,8,32,1,1.0,0.2467311095176295,0.9783396953664734,0.9562930464744568,0.007724576164036989,0.004081379622220993,1.003777023317686,0.982475519180298,0.6511955857276917,0.6404184699058533
249,1608737670434719816,8,33,1,0.96,0.2847411142911502,0.9288259298827488,0.9560499787330629,0.36471763253211975,0.018739989027380943,0.9574187638301482,0.9828146696090698,0.6023159623146057,0.6352661848068237
250,1608737670731184963,8,34,1,0.96,0.40001022181635215,0.8455531863226595,0.9414516091346741,0.2989889681339264,0.03318093344569206,0.8708507444666361,0.9681525230407716,0.491391122341156,0.6107459664344788
251,1608737670883007280,8,35,1,0.92,0.4056211950882862,0.8790126738467025,0.9263096451759338,0.29200080037117004,0.045079406350851066,0.9043136238530626,0.952328622341156,0.5001301765441895,0.5842241048812866
252,1608737671260410432,8,36,1,0.92,0.4183116783924055,0.9407436830174772,0.914495050907135,0.005395976360887289,0.027616972103714943,0.9659846679489276,0.940468966960907,0.5187959671020508,0.5527657866477966
253,1608737671507834160,8,37,1,0.92,0.4516132982720543,0.9518902163466127,0.9092051386833192,-0.102169930934906,0.037986550480127335,0.9771183063987424,0.9351372718811036,0.5331637859344482,0.529159426689148
254,1608737671949970937,8,38,1,0.72,0.4383804419415505,0.8381197103714833,0.8910638689994812,0.2708241939544678,0.04348306730389595,0.8696099863079118,0.917575478553772,0.4463339149951935,0.497963011264801
255,1608737672090007666,8,39,1,0.68,0.4563219141225542,0.7628977778683257,0.8745328187942505,0.0241873636841774,0.027267461642622948,0.7944506554681485,0.9022954106330872,0.3751574754714966,0.4747162461280823
256,1608737672164474462,8,40,1,0.52,0.5777128840424676,0.6666562311938176,0.8320614695549011,0.7207628488540649,0.028427373617887493,0.6508379826484175,0.8516002893447876,0.2617046535015106,0.42703115940094
257,1608737672553630710,8,41,1,0.52,1.047262069106043,0.6439937713697049,0.7727115750312805,1.2797443866729736,0.13482484221458435,0.4694786951444887,0.7522991299629211,0.3896797299385071,0.40120789408683777
258,1608737672624808670,8,42,1,0.48,2.517573834043703,0.4950885232028319,0.6813511848449707,2.1540446281433105,0.17221660912036896,0.17889874486775273,0.5926552414894104,0.5321323871612549,0.4010016322135925
259,1608737672865777378,8,43,1,0.56,0.5679291302046231,0.28486825323506904,0.5707008838653564,1.1686590909957886,0.20992951095104212,0.6593068989527822,0.5505945682525635,0.5349899530410767,0.4187328517436981
260,1608737730318239307,9,1,0,1.0,0.21458415577955886,0.733551567561898,0.5648316740989685,-0.7682102918624878,-0.10705513507127762,0.7463800380804382,0.5409804582595825,0.5045323371887207,0.44460779428482056
261,1608737730391560847,9,2,0,1.0,0.21461494394411665,0.7302763196647545,0.5775556564331055,0.043093759566545486,-0.12821947038173676,0.7462543827837398,0.5600637793540955,0.5039013624191284,0.493047147989273
262,1608737730465922242,9,3,0,1.0,0.2146602122845448,0.7298624066882755,0.5947294235229492,5.5639338825130835e-05,-0.38734006881713867,0.7458323262740922,0.6153345108032227,0.5004400610923767,0.5151992440223694
263,1608737730539802059,9,4,0,1.0,0.21889393625434372,0.731169705293034,0.6419456601142883,-0.00031439398298971355,-0.4605451226234436,0.7471544529414786,0.7289855480194092,0.5018597841262817,0.50914466381073
264,1608737730618132210,9,5,0,1.0,0.22309730424711835,0.7341720707050391,0.7318064570426941,-0.0403495654463768,-0.6480917930603027,0.7470096867830236,0.7465261816978455,0.5022861361503601,0.5026039481163025
265,1608737730693021685,9,6,0,1.0,0.22216616520277874,0.7348398612270572,0.7320640683174133,-0.00043651676969602704,-0.00014052736514713615,0.7476282173485449,0.7467758059501648,0.5058432817459106,0.5028660893440247
266,1608737730768871150,9,7,0,1.0,0.2212629961570103,0.7503734398749993,0.736083447933197,-0.042246170341968536,-0.017006473615765568,0.7633742555911895,0.7501997947692871,0.5148761272430421,0.5050610899925232
267,1608737730843894913,9,8,0,1.0,0.2203334968681187,0.766096618074853,0.7433303594589233,-0.0005747952964156866,-0.017101706936955452,0.7793047972053253,0.7568942904472351,0.5266547799110413,0.5103040337562561
268,1608737730921476974,9,9,0,1.0,0.21670389552898026,0.7911858551534452,0.7553335428237915,-0.00014543355791829526,-0.016904525458812714,0.8045962392830344,0.7683826088905334,0.5464275479316711,0.5192175507545471
269,1608737730995675571,9,10,0,1.0,0.21716925552112087,0.8163499201703764,0.7717691659927368,0.00011972862557740881,-0.00869453139603138,0.8299611159717036,0.7849729061126709,0.565757691860199,0.5319118499755859
270,1608737731073299069,9,11,0,1.0,0.21372715181455446,0.8415692223506145,0.7931150197982788,8.219842129619792e-06,-0.0006874357350170612,0.8553872049806889,0.8065246939659119,0.586327314376831,0.5480086803436279
271,1608737731223543345,9,12,0,1.0,0.21683897561742105,0.8566648692859842,0.814373254776001,0.023244298994541168,0.0007332645473070443,0.870637738723743,0.8279774188995361,0.5967552661895752,0.5643845200538635
272,1608737731366577529,9,13,0,1.0,0.2199745773563574,0.8682767738991188,0.8348093032836914,0.0492299348115921,0.0021934821270406246,0.8859606395686059,0.8493086099624634,0.6066392064094543,0.5803813934326172
273,1608737731503692857,9,14,0,1.0,0.2132529581046756,0.907930919564142,0.8581583499908447,-5.426251300377771e-05,0.002167495433241129,0.9258382787460964,0.8735570311546326,0.644144594669342,0.5999248027801514
274,1608737731574506616,9,15,0,1.0,0.21164218128160525,0.9297668537713324,0.8808417320251465,-0.10158208757638933,0.0006912428652867675,0.9442917592744628,0.8964231014251709,0.6573880910873413,0.6182509064674377
275,1608737731786460961,9,16,0,1.0,0.21135403278655213,0.9421313132757564,0.9009541869163512,-0.051437433809041984,-0.010613790713250635,0.9640128761628204,0.9181482195854188,0.659629225730896,0.6329112648963928
276,1608737732313634811,9,17,0,1.0,0.2242202337083946,0.9779645102677296,0.9252140522003174,-0.00381786678917706,-0.005472914315760136,1.0000108891538584,0.9440228939056396,0.6807939410209656,0.6497189998626709
277,1608737732546937639,9,18,0,1.0,0.21754282579578166,1.0362592200002028,0.958810567855835,-0.00015487491327803582,-0.006675338372588158,1.0622837366769249,0.9792875051498412,0.7305687665939331,0.6745049357414246
278,1608737732620416306,9,19,0,1.0,0.21608786609504774,1.0597864392228833,0.989181637763977,0.0517442487180233,-0.006049888208508492,1.086278631407608,1.0113756656646729,0.7487788796424866,0.6954317688941956
279,1608737732761613920,9,20,0,1.0,0.22220188277428785,1.0791466756671404,1.0190576314926147,0.02715776301920414,-0.003960563335567714,1.106056996244908,1.043728590011597,0.7622991800308228,0.7164140343666077
280,1608737733294341865,9,21,0,1.0,0.22218330934325012,1.1545782690400714,1.0615470409393308,-0.007252711802721022,-0.0045379712246358395,1.189495437609156,1.088825225830078,0.8014324307441711,0.7447746396064758
281,1608737733371149224,9,22,0,1.0,0.2207735717095773,1.1727071550733186,1.1004955768585205,-0.05085853487253189,-0.005851419176906347,1.207956875353445,1.130414366722107,0.8118513822555542,0.7709861397743225
282,1608737733523976294,9,23,0,1.0,0.2264795208287659,1.187008006123204,1.1306452751159668,-0.05094505846500397,-0.007410702295601369,1.2186250569696682,1.1616826057434082,0.8203244805335999,0.7889372706413269
283,1608737733686114520,9,24,0,1.0,0.2282896726289081,1.2002533255105892,1.158738613128662,-0.025173315778374672,-0.00875878520309925,1.2319735147282782,1.190821647644043,0.8278737068176271,0.8047562241554259
284,1608737734117843228,9,25,0,1.0,0.2314508232190153,1.2548492570123593,1.193879246711731,-0.004180156625807285,-0.007092771120369434,1.2866543438631035,1.2269411087036133,0.865077793598175,0.8253118991851807
285,1608737734447546248,9,26,0,1.0,0.21669313584308447,1.3965700440255673,1.2422776222229004,-0.03625782579183578,-0.008716005831956862,1.4283085144228869,1.2747037410736084,0.9832669496536256,0.8616788387298584
286,1608737734747884290,9,27,0,1.0,0.21358379131859087,1.487705400483336,1.3052772283554075,-0.07914865761995317,-0.011874977499246596,1.5193326405197911,1.3369787931442259,1.037281513214111,0.9067648649215698
287,1608737734888472686,9,28,0,1.0,0.2170134246935798,1.4836670275767334,1.3646090030670166,0.00045359801151789725,-0.01051367912441492,1.5149991651846586,1.3962537050247192,1.0263304710388184,0.9479660987854004
288,1608737735117367531,9,29,0,1.0,0.2357123679999453,1.4745417099229925,1.4194666147232056,0.0008590233046561481,-0.005142516456544399,1.5018382934502152,1.450226664543152,1.008340835571289,0.984059512615204
289,1608737735188635689,9,30,0,1.0,0.2397082266939347,1.4692894991263796,1.4623546600341797,-0.00020452271564863622,-0.005924672819674015,1.5002348811403563,1.4929426908493042,1.0001420974731443,1.0110723972320557
290,1608737735552880736,9,31,0,1.0,0.25301120751216744,1.5625926916060715,1.4955593347549438,-0.03156992048025131,-0.005802498664706945,1.5934221808157505,1.525965452194214,1.1006090641021729,1.034540772438049
291,1608737735782494320,9,32,0,1.0,0.2477254734429331,1.6457065149326504,1.5271594524383545,0.06610303372144699,0.0014286807272583244,1.676122827173652,1.5573234558105469,1.1904590129852295,1.065176248550415
292,1608737736240496214,9,33,1,1.0,0.258812865253297,1.5772384061655764,1.5458737611770632,0.019900651648640636,0.010273396968841551,1.607529480873268,1.5758295059204102,1.139757752418518,1.0878617763519287
293,1608737736536891437,9,34,1,1.0,0.31233963320797475,1.5217932066754547,1.5553240776062012,0.3297559916973114,0.03429695963859558,1.5519009861701851,1.5858421325683594,1.1047399044036863,1.1071414947509766
294,1608737736838448912,9,35,1,1.0,0.3746854923772104,1.5265907779615695,1.5667842626571655,0.6805862784385681,0.06749451905488968,1.5639396024611587,1.5985829830169678,1.114147067070007,1.129942536354065
295,1608737737078922347,9,36,1,1.0,0.5054280527290698,1.3299353984943152,1.5202528238296509,0.05242331698536873,0.06430443376302719,1.3670640848736852,1.553311467170715,0.9479140043258668,1.0994035005569458
296,1608737737389012041,9,37,1,1.0,0.6756794505779785,1.0567167045833554,1.402454853057861,1.0400916337966921,0.09393911063671112,1.097485439202838,1.4375839233398438,0.7279540896415709,1.0069025754928589
297,1608737737606970822,9,38,1,0.8,0.7465077506693292,0.7571069811353184,1.2384287118911743,0.4427148401737213,0.16952432692050934,0.8053534734604622,1.277148723602295,0.4997579753398895,0.8789026737213135
298,1608737737691592987,9,39,1,0.72,0.7243754139664478,0.7466837063106133,1.0834066867828371,0.1323869675397873,0.1602330207824707,0.7949826144216726,1.125765085220337,0.5188625454902649,0.7617272138595581
299,1608737738057119085,9,40,1,0.72,0.4033367268427332,0.8582201944131747,0.9497326016426086,0.003187138587236405,0.06961587816476822,0.9028377288925477,0.9935446977615356,0.6866127848625183,0.6762202382087708
300,1608737738149426361,9,41,1,0.76,0.5325581884109847,0.8917773961891341,0.8621009588241577,-0.16058096289634705,0.08018848299980164,0.9140633113858718,0.902944564819336,0.6750572323799133,0.621648907661438
301,1608737738397931331,9,42,1,0.84,0.4650300051170143,0.8736420057537603,0.8254860639572144,-2.3363776563201103e-05,0.020309917628765103,0.9034152478552532,0.8641305565834045,0.6425708532333374,0.6045722961425781
302,1608737738472142689,9,43,1,0.76,0.4426997229978039,0.8817010098844551,0.8504049181938171,-0.10019634664058684,0.0007349037914536892,0.9077789805181112,0.8846156597137451,0.6361940503120422,0.6318594813346863
303,1608737738614775747,9,44,1,0.56,0.6323965363913312,0.40763878385424585,0.7825959324836731,-0.10529571771621704,-0.004298327025026083,0.5086455119566962,0.8273481726646423,0.1539558619260788,0.5588781833648682
304,1608737738765841731,9,45,1,0.84,0.5767361258873921,0.9166566174299402,0.7942831516265869,-0.07411936670541762,-0.06840457022190094,0.999021874291957,0.8465849757194519,0.6454376578330994,0.5506430864334106
305,1608737938353351105,10,1,0,1.0,0.25477844396101684,1.3240270259440667,0.8807331323623657,-0.7001283168792725,-0.5491423606872559,1.3613343193718304,0.9360392093658447,0.9206152558326721,0.5997547507286072
306,1608737938427135150,10,2,0,1.0,0.25478317333356154,1.319966274027978,0.9699979424476624,0.00019743110169656575,-0.5881255865097046,1.3571520966649673,1.0267865657806396,0.9153450727462769,0.6543095707893372
307,1608737938504259417,10,3,0,1.0,0.25478344163615274,1.3161005298336388,1.056877851486206,3.235864369344199e-06,-0.5844118595123291,1.353177454538485,1.1158661842346191,0.9126644730567932,0.7096036672592163
308,1608737938578332115,10,4,0,1.0,0.25272324434574933,1.3088238953855182,1.2371149063110352,0.04849124327301979,-0.5933706760406494,1.345754640632102,1.2832881212234497,0.9076457619667053,0.8603416681289673
309,1608737938653956641,10,5,0,1.0,0.2500237541410708,1.3046868859955179,1.314720869064331,1.5090078704815824e-05,-0.6078415513038635,1.341501354332634,1.3517839908599854,0.9059922695159912,0.9124525785446167
310,1608737938732021462,10,6,0,1.0,0.25004392982309237,1.2998546980518348,1.3098863363265991,6.332240332085348e-07,0.009527771733701229,1.3365288326540152,1.3468228578567505,0.9026319980621338,0.9088559150695801
311,1608737938807391215,10,7,0,1.0,0.2527241094257291,1.2945478625206053,1.3048027753829956,1.1104063560196664e-05,0.009451931342482567,1.3310776296566442,1.3416080474853516,0.8995538949966431,0.9056976437568665
312,1608737938881910522,10,8,0,1.0,0.2500165325300274,1.2884494998196843,1.2992726564407349,-3.2219086278928444e-05,0.00951011199504137,1.3248116483998933,1.3359347581863403,0.8959167003631592,0.9023481607437134
313,1608737938957383461,10,9,0,1.0,0.2500212574301607,1.282335481101039,1.2939749956130981,5.8152918427367695e-06,1.7273701757858362e-07,1.3185253815698883,1.3304890394210815,0.8916651606559753,0.8991520404815674
314,1608737939032450059,10,10,0,1.0,0.24935276556954436,1.2756322077289033,1.2881640195846558,2.3423028778779553e-06,1.960054760274943e-06,1.3151656990547422,1.3252218961715698,0.8876106142997742,0.8954756855964661
315,1608737939108644289,10,11,0,1.0,0.25000306977139153,1.2674119446070624,1.2816753387451172,-5.9462530771270394e-05,9.804166438698303e-07,1.3031958123977159,1.318555235862732,0.8818904757499695,0.8913273215293884
316,1608737939254008418,10,12,0,1.0,0.24932862682968232,1.2589001114339164,1.2745459079742432,6.586910603800789e-05,2.808807721521589e-06,1.2979329094669805,1.3119263648986816,0.8765639066696167,0.8867293000221252
317,1608737939322492804,10,13,0,1.0,0.2520697405462883,1.2559179011454802,1.268039584159851,-0.05025356635451317,-0.0007234356598928571,1.2913210911902009,1.3052281141281128,0.8715013861656189,0.8818462491035461
318,1608737939461707725,10,14,0,1.0,0.2548079501524594,1.2461772261174733,1.2608078718185425,0.024548254907131195,-1.8379668063062127e-06,1.2848179803447322,1.2984867095947266,0.8653616905212402,0.8765856027603149
319,1608737939600358182,10,15,0,1.0,0.2555289570648581,1.23992754450803,1.253666877746582,-0.024535784497857094,-0.006023782305419445,1.2749866809063943,1.290450930595398,0.857607901096344,0.8705850839614868
320,1608737939740443673,10,16,0,1.0,0.2548184914664511,1.237184020428843,1.2476212978363037,-0.000193596730241552,-0.0054503753781318665,1.2720552037450876,1.2842227220535278,0.8573184609413147,0.8656706809997559
321,1608737939881679564,10,17,0,1.0,0.2575529814708244,1.2310704002696695,1.2420554161071777,-3.173443838022649e-05,-0.0055086188949644566,1.265760422731235,1.2777882814407349,0.8519301414489746,0.8607438802719116
322,1608737940249078449,10,18,0,1.0,0.26027334100790117,1.2250023832739327,1.2358722686767578,1.275440467907174e-06,-1.9285087091702735e-06,1.2595203198957565,1.271428108215332,0.8460193276405334,0.8556475043296814
323,1608737940396632450,10,19,0,1.0,0.2575814564143785,1.2189683737467065,1.2304306030273438,0.00012626219540834427,-0.0006518151494674385,1.2533183309335596,1.2651281356811523,0.8424273729324341,0.8510606288909912
324,1608737940840015464,10,20,0,1.0,0.26444582925058435,1.2063780460155937,1.223720669746399,0.007526139263063669,0.0006016555125825107,1.2405291863207548,1.2582367658615112,0.8361138701438904,0.8467618227005005
325,1608737941063741553,10,21,0,1.0,0.26444559036061643,1.2005988385866593,1.216403603553772,3.5161315281584393e-06,0.00034024679916910827,1.234590458161473,1.2507437467575073,0.8321149349212646,0.8417211174964905
326,1608737941351265291,10,22,0,1.0,0.26794494500912414,1.191609690767015,1.208511471748352,0.011649039573967457,0.0006687002023681998,1.2253998004666231,1.2426716089248657,0.8265263438224792,0.8366403579711914
327,1608737941583450617,10,23,0,1.0,0.2686850202287225,1.1859551633116958,1.2007020711898804,0.00046769806067459285,0.0012131883995607495,1.216318822503948,1.234031319618225,0.823797345161438,0.8321959376335144
328,1608737941721891348,10,24,0,1.0,0.2666737020668333,1.1771971274002297,1.192347764968872,0.023892154917120934,0.0018003663280978799,1.2074049200396035,1.2248486280441284,0.8194521069526672,0.82760089635849
329,1608737941873479611,10,25,0,1.0,0.2638955221028412,1.1721492504862525,1.185502052307129,0.0002592156524769962,0.001280076103284955,1.2022194483601119,1.217186689376831,0.8165289163589478,0.8236838579177856
330,1608737942339315200,10,26,0,1.0,0.2590168987865365,1.1605989825280496,1.1775020360946655,0.0013922307407483459,0.002411443740129471,1.1938416944303367,1.209036946296692,0.8125419616699219,0.8197693228721619
331,1608737942565397359,10,27,0,1.0,0.2506997108305655,1.1557765393017967,1.1703354120254517,2.8792319426429458e-05,0.0018315480556339025,1.1889238485888804,1.2017418146133423,0.8108217120170593,0.8166283965110779
332,1608737942938043388,10,28,0,1.0,0.25139900764185763,1.150902695976449,1.1633248329162598,0.008830512873828411,0.0023492523469030857,1.1937835518638626,1.1972346305847168,0.8112353086471558,0.8141160011291504
333,1608737943173970111,10,29,0,1.0,0.24727945191135445,1.1362710287770006,1.155139684677124,0.0007146354764699936,0.0013147296849638224,1.1822316422772423,1.1922000646591187,0.798526406288147,0.8099308609962463
334,1608737943333254230,10,30,0,1.0,0.24170603530455492,1.1382336435708544,1.148356556892395,-0.06111675500869751,0.0003411353682167828,1.177559151302309,1.1872678995132446,0.7991970181465149,0.806464433670044
335,1608737943778034133,10,31,0,1.0,0.21605466827505268,1.1821277640109966,1.1526622772216797,-0.0221524927765131,-0.0022765127941966057,1.2212035213303467,1.1927404403686523,0.8374436497688293,0.8114448189735413
336,1608737943847882214,10,32,0,1.0,0.21602195870386265,1.1776769684682917,1.157042384147644,-0.04609633609652519,-0.0029187267646193504,1.2165831144256174,1.1982722282409668,0.8305344581604004,0.8153873682022095
337,1608737944078978173,10,33,0,1.0,0.22512834025905126,1.2021252621229128,1.1672868728637695,-0.0021432640496641397,-0.0030079802963882685,1.2344861085732683,1.2064127922058105,0.8455566763877869,0.8222516179084778
338,1608737944613621296,10,34,0,1.0,0.25994592563395014,1.2612253491831782,1.1922777891159058,-0.06629659235477448,-0.011849649250507355,1.2997508659139887,1.2299165725708008,0.8863285183906555,0.8398120403289795
339,1608737944767660759,10,35,0,1.0,0.2769168600875762,1.2716554210699176,1.2189621925354004,-0.10361981391906738,-0.012947283685207367,1.306865371266839,1.2557778358459473,0.8883149027824402,0.8576356172561646
340,1608737945085646035,10,36,0,1.0,0.2802261949250048,1.2854302612566124,1.239622712135315,-0.004140590783208609,-0.008429078385233879,1.320490217735602,1.2756351232528687,0.894707441329956,0.8690884113311768
341,1608737945417952360,10,37,0,1.0,0.25056467227993967,1.3430279216521672,1.2726929187774658,-0.05757007747888565,-0.009777393192052841,1.3810846471518,1.3085354566574097,0.9439917802810669,0.891779899597168
342,1608737945643092744,10,38,0,1.0,0.2380720777564657,1.3649079219351072,1.3052494525909424,-0.08403807133436203,-0.01852818764746189,1.3933805755822248,1.3403143882751465,0.9473258852958679,0.9121336936950684
343,1608737945931864737,10,39,0,1.0,0.21244102032849121,1.4298403925471679,1.3389724493026733,-0.09806746989488602,-0.0180702805519104,1.4643536840302607,1.3732348680496216,0.9935178160667419,0.9335715770721436
344,1608737946246874891,10,40,0,1.0,0.21532863408957045,1.468455904756569,1.378332495689392,-0.011518572457134724,-0.013761949725449085,1.5089890505318266,1.413659691810608,1.004970669746399,0.9569027423858643
345,1608737946477801132,10,41,0,1.0,0.2155872803439567,1.5241591771999807,1.4260783195495605,-0.18780553340911865,-0.028633108362555504,1.5552258541753299,1.4606068134307861,1.0394123792648315,0.9858437180519104
346,1608737946696946905,10,42,0,1.0,0.2144147554019049,1.5484990861836196,1.467172384262085,-0.09882999211549759,-0.029667815193533897,1.5824563658388402,1.5008810758590698,1.0497994422912598,1.007005214691162
347,1608737946921026891,10,43,0,1.0,0.21467256157915232,1.5876097879918174,1.511712908744812,-0.13678394258022308,-0.03177832067012787,1.6274390695264738,1.547692894935608,1.0772788524627686,1.0329958200454712
348,1608737947161144237,10,44,0,1.0,0.22770133366440878,1.5773303919123303,1.5412108898162842,0.0006903474568389356,-0.014832910150289536,1.604816595340856,1.5757852792739868,1.0460129976272583,1.0434948205947876
349,1608737947620531354,10,45,1,0.96,0.3227762906016481,1.3995224720361272,1.5274240970611572,0.7054235935211182,0.04084154590964317,1.4358279741093303,1.5611531734466553,0.8456473350524902,1.0116301774978638
350,1608737947771128564,10,46,1,0.88,0.3808130720408129,1.2573965794154054,1.4740716218948364,0.9011449217796326,0.07347401976585388,1.2906032244304182,1.5082286596298218,0.7402706742286682,0.9518018960952759
351,1608737948373466262,10,47,1,0.6,1.3939659961901238,0.5295043773014523,1.2702727317810059,0.19833850860595703,0.1367148607969284,0.5144397337672559,1.2946254014968872,0.5819684267044067,0.8582356572151184
352,1608737948445557591,10,48,1,0.6,1.6182934242894877,0.4043086683329265,1.0336124897003174,1.855605959892273,0.15502554178237915,0.4621181276399569,1.061561107635498,0.5360643267631531,0.7499927282333374
353,1608737948745324575,10,49,1,0.6,2.0557306013894565,0.30795210066711287,0.7797368764877319,0.8949134945869446,0.3118028938770294,0.6555124630817227,0.8717002868652344,0.6057119965553284,0.6619325280189514
354,1608737948815630528,10,50,1,0.56,1.654660628494718,0.08875984057245134,0.5175843834877014,0.6959998607635498,0.2837862968444824,0.5139048572590378,0.6873157024383545,0.43337881565093994,0.5794788599014282
355,1608737948956828727,10,51,1,0.52,1.9342639331327258,0.06446701191196237,0.27899840474128723,0.32594096660614014,0.26790857315063477,0.46636072501677334,0.5224671959877014,0.39786314964294434,0.5109973549842834
356,1608737949129661564,10,52,1,0.52,2.1319519444502615,0.11990055813131134,0.19707763195037842,0.002757763722911477,0.10083124041557312,0.44268947973632705,0.508117139339447,0.44012346863746643,0.48262834548950195
357,1608737949273812132,10,53,1,0.52,1.947929696213393,0.22700737730149287,0.16161736845970154,0.19191226363182068,0.0787016749382019,0.647395919476066,0.5451726913452148,0.5630248188972473,0.48802047967910767